{
  "com": {
    "port": "/dev/ttyUSB0",
    "baud": 115200
  },
  "deviation": {
    "voltage_normal": 43.0,
    "voltage_delta": 2.0,
    "current_normal": 40.0,
    "current_delta": 80.0,
    "temp_normal": 40.0,
    "temp_delta": 20.0
  },
  "geometry": {
    "a1_cm": 20.0,
    "a2_cm": 20.0
  },
  "speed_map": {
    "pwm_1": 2000.0,
    "speed_1": 2.0,
    "pwm_2": 1500.0,
    "speed_2": 0.0,
    "pwm_3": 1000.0,
    "speed_3": -2.0,
    "track_circumference_m": 10.0
  },
  "joystick": {
    "left_shift": 5.0,
    "right_shift": 5.0,
    "left_linear": 1.0,
    "right_linear": 1.0
  },
  "coordinate": {
    "nodes": [
      {
        "anchor": [
          210.0,
          210.0
        ],
        "handle_in": null,
        "handle_out": [
          0.0,
          -60.0
        ]
      },
      {
        "anchor": [
          276.220581234267,
          62.037006549167984
        ],
        "handle_in": [
          -43.72518381763012,
          41.08659513898003
        ],
        "handle_out": [
          43.72518381763012,
          -41.08659513898003
        ]
      },
      {
        "anchor": [
          468.05701576133816,
          85.26137653690336
        ],
        "handle_in": [
          -56.962743563499295,
          -18.84796662027549
        ],
        "handle_out": [
          56.962743563499295,
          18.84796662027549
        ]
      }
    ],
    "scale": "20 cm",
    "min_radius_cm": "50",
    "v_cm": "1",
    "accel": "1",
    "decel": "1",
    "dt_ms": "100.0",
    "left_shift": "0",
    "right_shift": "0",
    "left_linear": "1",
    "right_linear": "1",
    "view_scale": 0.7594996671664861,
    "view_pan": [
      -28.408177605069724,
      69.10847872603424
    ]
  }
}