{
  "com": {
    "port": "/dev/ttyUSB0",
    "baud": 115200
  },
  "deviation": {
    "voltage_normal": 43.0,
    "voltage_delta": 2.0,
    "current_normal": 40.0,
    "current_delta": 80.0,
    "temp_normal": 40.0,
    "temp_delta": 20.0
  },
  "geometry": {
    "a1_cm": 20.0,
    "a2_cm": 20.0
  },
  "speed_map": {
    "pwm_1": 2000.0,
    "speed_1": 2.0,
    "pwm_2": 1500.0,
    "speed_2": 0.0,
    "pwm_3": 1000.0,
    "speed_3": -2.0,
    "track_circumference_m": 10.0
  },
  "joystick": {
    "left_shift": 5.0,
    "right_shift": 5.0,
    "left_linear": 1.0,
    "right_linear": 1.0
  },
  "test_mode": true,
  "coordinate": {
    "nodes": [
      {
        "anchor": [
          210.0,
          210.0
        ],
        "handle_in": null,
        "handle_out": [
          0.0,
          -60.0
        ]
      },
      {
        "anchor": [
          241.59973507727557,
          -15.614428737975032
        ],
        "handle_in": [
          -7.617019752655153,
          66.37688641599502
        ],
        "handle_out": [
          7.617019752655153,
          -66.37688641599502
        ]
      },
      {
        "anchor": [
          419.59141913105896,
          -56.87475044339135
        ],
        "handle_in": [
          -58.450109600173775,
          13.549342704636038
        ],
        "handle_out": [
          58.450109600173775,
          -13.549342704636038
        ]
      },
      {
        "anchor": [
          470.73426604174387,
          109.61153843607222
        ],
        "handle_in": [
          -17.6188069765984,
          -57.354839732330944
        ],
        "handle_out": [
          17.6188069765984,
          57.354839732330944
        ]
      }
    ],
    "scale": "20 cm",
    "map_path": "/home/necrosii/Programming/Python/Telega_controller/photo_2026-02-26_12-22-13.jpg",
    "map_scale_factor": 0.8564102564102564,
    "map_rotation_deg": 23.076923076923073,
    "map_center": [
      251.21456561864147,
      77.69564962523583
    ],
    "min_radius_cm": "50",
    "v_cm": "1",
    "accel": "1",
    "decel": "1",
    "dt_ms": "100.0",
    "left_shift": "0",
    "right_shift": "0",
    "left_linear": "1",
    "right_linear": "1",
    "pose_source": "Internal integrator",
    "view_scale": 0.9189945972714444,
    "view_pan": [
      -58.61338181589802,
      117.25645380564168
    ]
  }
}