{
  "com": {
    "port": "/dev/ttyACM0",
    "baud": 115200
  },
  "deviation": {
    "voltage_normal": 43.0,
    "voltage_delta": 2.0,
    "current_normal": 40.0,
    "current_delta": 80.0,
    "temp_normal": 40.0,
    "temp_delta": 20.0
  },
  "geometry": {
    "a1_cm": 20.0,
    "a2_cm": 20.0,
    "drive_wheel_diameter_cm": 6.0
  },
  "speed_map": {
    "pwm_1": 2000.0,
    "speed_1": 2.0,
    "pwm_2": 1500.0,
    "speed_2": 0.0,
    "pwm_3": 1000.0,
    "speed_3": -2.0
  },
  "joystick": {
    "left_shift": 0.0,
    "right_shift": 0.0,
    "left_linear": 1.0,
    "right_linear": 1.0
  },
  "manual": {
    "command_quantum_ms": 100
  },
  "test_mode": false,
  "coordinate": {
    "nodes": [
      {
        "anchor": [
          210.0,
          210.0
        ],
        "handle_in": null,
        "handle_out": [
          0.0,
          -60.0
        ]
      },
      {
        "anchor": [
          203.60293233403206,
          -213.869692488498
        ],
        "handle_in": [
          -0.0,
          21.918636674746494
        ],
        "handle_out": [
          0.0,
          -21.918636674746494
        ]
      },
      {
        "anchor": [
          222.49830877777902,
          -235.0325141054946
        ],
        "handle_in": [
          -16.199220135146334,
          -1.3298066817957874
        ],
        "handle_out": [
          16.199220135146334,
          1.3298066817957874
        ]
      },
      {
        "anchor": [
          590.5802419019701,
          -247.12555502949266
        ],
        "handle_in": [
          -58.63538349550868,
          3.4252326260999553
        ],
        "handle_out": [
          59.97553999277485,
          1.713068175836708
        ]
      }
    ],
    "scale": "10 m",
    "map_path": "/home/necrosii/Документы/TiiT/VOY_Rover/Conf/map.png",
    "map_scale_factor": 1.0,
    "map_rotation_deg": 42.0,
    "map_center": [
      413.99314280849444,
      126.08205076645999
    ],
    "min_radius_cm": "50",
    "v_cm": "5",
    "accel": "2",
    "decel": "2",
    "dt_ms": "100.0",
    "left_shift": "0",
    "right_shift": "0",
    "left_linear": "1",
    "right_linear": "1",
    "pose_source": "trolley",
    "autopilot_mode": "builtin_pure_pursuit",
    "view_scale": 0.6904542428786239,
    "view_pan": [
      -167.1783321432304,
      170.67940461049875
    ]
  }
}