{
  "com": {
    "port": "/dev/ttyUSB0",
    "baud": 115200
  },
  "deviation": {
    "voltage_normal": 43.0,
    "voltage_delta": 2.0,
    "current_normal": 40.0,
    "current_delta": 80.0,
    "temp_normal": 40.0,
    "temp_delta": 20.0
  },
  "geometry": {
    "a1_cm": 20.0,
    "a2_cm": 20.0,
    "drive_wheel_diameter_cm": 15.0
  },
  "speed_map": {
    "pwm_1": 2000.0,
    "speed_1": 2.0,
    "pwm_2": 1500.0,
    "speed_2": 0.0,
    "pwm_3": 1000.0,
    "speed_3": -2.0
  },
  "joystick": {
    "left_shift": 0.0,
    "right_shift": 0.0,
    "left_linear": 1.0,
    "right_linear": 1.0
  },
  "manual": {
    "command_quantum_ms": 100
  },
  "test_mode": false,
  "coordinate": {
    "nodes": [
      {
        "anchor": [
          210.0,
          210.0
        ],
        "handle_in": null,
        "handle_out": [
          0.0,
          -60.0
        ]
      },
      {
        "anchor": [
          207.40301173566417,
          -55.78660476444065
        ],
        "handle_in": [
          -7.617019752655153,
          66.37688641599502
        ],
        "handle_out": [
          7.617019752655153,
          -66.37688641599502
        ]
      },
      {
        "anchor": [
          469.6461203627931,
          -105.84130599617481
        ],
        "handle_in": [
          -64.91958950481018,
          0.6263971046515167
        ],
        "handle_out": [
          64.91958950481018,
          -0.6263971046515167
        ]
      },
      {
        "anchor": [
          788.5348754850812,
          -96.73295652407359
        ],
        "handle_in": [
          -59.97553999277485,
          -1.713068175836708
        ],
        "handle_out": [
          59.97553999277485,
          1.713068175836708
        ]
      }
    ],
    "scale": "20 cm",
    "map_path": "",
    "map_scale_factor": 2.2557692307692307,
    "map_rotation_deg": 43.84615384615385,
    "map_center": [
      210.0,
      210.0
    ],
    "min_radius_cm": "50",
    "v_cm": "1",
    "accel": "1",
    "decel": "1",
    "dt_ms": "100.0",
    "left_shift": "0",
    "right_shift": "0",
    "left_linear": "1",
    "right_linear": "1",
    "pose_source": "external",
    "autopilot_mode": "external",
    "view_scale": 0.24200000000000044,
    "view_pan": [
      -83.84462493472901,
      43.45877143710587
    ]
  }
}