{
  "algorithm_name": "3D ETS Magnetometer Method",
  "algorithm_version": "1.0.0",
  "schema_version": "1",
  "created_at": "2026-06-10T12:47:26Z",
  "params": {
    "offset_x": -2889.2152914597646,
    "offset_y": 300.017365661322,
    "offset_z": 11480.767228710056,
    "c00": 1.059793001232156,
    "c01": -0.010830275947453904,
    "c02": -0.010776807487689832,
    "c10": -0.010830275947453904,
    "c11": 1.0033137353301858,
    "c12": -0.007361977753324126,
    "c20": -0.010776807487689721,
    "c21": -0.007361977753324124,
    "c22": 1.0661041513717266,
    "w00": 1.1233946399173849,
    "w01": -0.022264676649044524,
    "w02": -0.022830652101651836,
    "w10": -0.022264676649044527,
    "w11": 1.0068099450957482,
    "w12": -0.015118292645306413,
    "w20": -0.022830652101651836,
    "w21": -0.015118292645306411,
    "w22": 1.1367483998680958,
    "field_radius": 6345.816635833381,
    "field_radius_source": "estimated_major_axis",
    "sample_count": 8773,
    "inlier_count": 8773,
    "rms_residual": 81.054415678709,
    "max_abs_residual": 287.79563032366696,
    "rel_rms_residual": 0.012772889657891024,
    "coverage_ratio": 0.5454663285090251,
    "condition_number": 1.1538704113737006,
    "refined": false,
    "optimizer_success": false,
    "optimizer_cost": null
  }
}