{
  "algorithm_name": "2D ETS Magnetometer Method",
  "algorithm_version": "1.0.0",
  "schema_version": "1",
  "created_at": "2026-06-10T12:48:15Z",
  "params": {
    "offset_x": -2340.722690892948,
    "offset_y": 132.4137829759741,
    "c00": 1.0851253910972416,
    "c01": 0.0,
    "c10": -0.01577574290328845,
    "c11": 1.00070081952496,
    "w00": 1.1777459884680923,
    "w01": -0.015786798851935825,
    "w10": -0.015786798851935825,
    "w11": 1.0014021301979268,
    "field_radius": 2011.4720694110256,
    "field_radius_source": "estimated_major_axis",
    "ets_a": 0.9215524843528307,
    "ets_b": 0.999405270956413,
    "ets_rho_rad": 0.014537150939117855,
    "ets_rho_deg": 0.8329173949560943,
    "forward_l00": 0.9215524843528307,
    "forward_l01": 0.0,
    "forward_l10": 0.014527993563489222,
    "forward_l11": 0.9992996712790815,
    "sample_count": 2793,
    "inlier_count": 2793,
    "rms_residual": 138.80477700842178,
    "max_abs_residual": 392.557758381387,
    "rel_rms_residual": 0.06900656445558545,
    "coverage_rad": 6.22291713468605,
    "coverage_deg": 356.54688807715394,
    "condition_number": 1.1791481186660195,
    "refined": false,
    "optimizer_success": false,
    "optimizer_cost": null,
    "z_policy": "passthrough"
  }
}