{
  "algorithm_name": "Heading Hill Magnetometer Method",
  "algorithm_version": "1.0.0",
  "schema_version": "1",
  "created_at": "2026-06-10T12:46:24Z",
  "params": {
    "offset_x": -2340.718232191847,
    "offset_y": 132.4033883761067,
    "w_unit_00": 2.9108921312977106e-07,
    "w_unit_01": -3.905768568319601e-09,
    "w_unit_10": -3.905768568319601e-09,
    "w_unit_11": 2.475058515168907e-07,
    "w_sqrt_00": 0.0005395136951449759,
    "w_sqrt_01": -3.76641484506675e-06,
    "w_sqrt_10": -3.76641484506675e-06,
    "w_sqrt_11": 0.0004974853421319121,
    "eta_x": 1.0834946816444835,
    "eta_y": -1.5008242266285166,
    "vertical_horizontal_ratio": 2.87,
    "heading_offset_deg": 0.0,
    "pitch_sign": 1.0,
    "heading_iterations": 2,
    "output_scale": 2011.4634146273654,
    "ring_sample_count": 2793,
    "ring_source": "flags:ring",
    "hill_source": "flags",
    "ring_rms_residual": 0.06900668232566116,
    "coverage_rad": 6.22291713468605,
    "coverage_deg": 356.54688807715394,
    "condition_number": 1.1791475894659134,
    "max_pitch_deg": 41.934728342700005,
    "gamma_forward_rad": -2.8202827054504356,
    "gamma_backward_rad": 0.4748258297222919,
    "gamma_turn_error_deg": 8.795812102932246,
    "hill_sample_count": 4479,
    "hill_excitation": 191.92512468327698,
    "hill_rms_before": 0.997396561764202,
    "hill_rms_after": 0.9150336803581028,
    "hill_improvement_gain": 0.15833663132120235,
    "eta_sigma": 0.04670943916962224,
    "warnings": []
  }
}