{
  "algorithm_name": "Improved Affine Magnetometer Method",
  "algorithm_version": "1.3.0",
  "schema_version": "1",
  "created_at": "2026-06-10T12:48:29Z",
  "params": {
    "offset_x": -2338.949598383017,
    "offset_y": 134.10761337338323,
    "offset_z": 19401.878543110415,
    "axis_u_x": -0.0,
    "axis_u_y": 0.9979036574192462,
    "axis_u_z": 0.06471700324714903,
    "axis_v_x": -0.9953085086906535,
    "axis_v_y": 0.006261507198487254,
    "axis_v_z": -0.09654929339767641,
    "axis_n_x": -0.09675211898448172,
    "axis_n_y": -0.06441338398884809,
    "axis_n_z": 0.9932220010828988,
    "cos_theta": 0.996011269811201,
    "sin_theta": -0.08922752046918565,
    "major_radius": 2038.4675349319336,
    "minor_radius": 1879.7444034437578,
    "major_scale": 1.0,
    "minor_scale": 1.0844386775124264,
    "axis_ratio": 1.0844386775124264
  }
}