{
  "algorithm_name": "Papafotis MAG.I.C.AL. Magnetometer Method",
  "algorithm_version": "1.0.0",
  "schema_version": "1",
  "created_at": "2026-06-10T17:01:48Z",
  "params": {
    "h00": 0.0001369166204723099,
    "h01": 1.4770303526152403e-06,
    "h02": -3.663721945051101e-06,
    "h10": 1.4769371160957373e-06,
    "h11": 0.00012958822370095726,
    "h12": 9.829701991713284e-06,
    "h20": -3.6638392582585605e-06,
    "h21": 9.82256192880547e-06,
    "h22": 9.929334189933721e-05,
    "v0": 0.3388505076563613,
    "v1": -0.31222230463844985,
    "v2": -0.9527527351727133,
    "field_radius": 1.0,
    "field_radius_source": "normalized_unit",
    "raw_sample_count": 17591,
    "stationarity_window_count": 2286,
    "static_window_count": 682,
    "detected_segment_count": 25,
    "used_point_count": 12,
    "candidate_point_count": 25,
    "selected_source": "static_segments",
    "selected_indices": [
      0,
      2,
      4,
      5,
      8,
      10,
      16,
      18,
      20,
      21,
      22,
      24
    ],
    "coverage_singular_values": [
      0.5837394950748619,
      0.38165706752946466,
      0.042941034642884734
    ],
    "coverage_s3_s1": 0.07356198270836162,
    "coverage_quality": "limited_3d",
    "als_initialization": "ellipsoid",
    "als_iterations": 2,
    "als_converged_reason": "tol_improvement",
    "als_used_ridge": false,
    "als_ridge_lambda": 0.0,
    "condition_number": 1.4303457135899178,
    "mean_radius": 0.9999960324101744,
    "std_radius": 0.0019918527856472535,
    "rms_residual": 0.0019918567371826085,
    "max_abs_residual": 0.003524486331391241,
    "raw_norm_std_all_samples": 801.651297846159,
    "calibrated_norm_std_all_samples": 0.006987476858847769,
    "accel_used": true,
    "gyro_used": false,
    "warnings": [
      "orientation coverage is limited (s3/s1=0.0736); full 3D calibration is a baseline"
    ]
  },
  "calibration_summary": {
    "segments": [
      {
        "segment_id": 0,
        "start_index": 8,
        "end_index": 348,
        "raw_start_s": 0.0,
        "raw_end_s": 8.985,
        "start_s": 0.204,
        "end_s": 8.784,
        "duration_s": 8.985,
        "n_samples": 340,
        "mx_mean": -3427.5551470588234,
        "my_mean": 2158.25,
        "mz_mean": 19036.816176470587,
        "mx_std": 22.353245160471687,
        "my_std": 23.52347351537125,
        "mz_std": 47.93728051654374,
        "mag_norm_std": 47.74694154050514,
        "mag_axis_max_std": 47.93728051654374,
        "gyro_rms": null,
        "acc_norm_std": 3.683942084299631e-08,
        "acc_axis_max_std": 0.0008730203047931873,
        "ax_mean": 0.0027905534627598897,
        "ay_mean": -0.07599327792687206,
        "az_mean": -0.9971039869329634,
        "ax_std": 0.0008213631697037878,
        "ay_std": 0.0008730203047931873,
        "az_std": 6.638413035306728e-05
      },
      {
        "segment_id": 2,
        "start_index": 1207,
        "end_index": 1583,
        "raw_start_s": 31.205,
        "raw_end_s": 41.377,
        "start_s": 31.412,
        "end_s": 41.175,
        "duration_s": 10.172000000000004,
        "n_samples": 376,
        "mx_mean": -2408.337748344371,
        "my_mean": 4159.76821192053,
        "mz_mean": 18282.37417218543,
        "mx_std": 40.11107179191944,
        "my_std": 26.96865570234415,
        "mz_std": 47.76223797002593,
        "mag_norm_std": 45.896756295938545,
        "mag_axis_max_std": 47.76223797002593,
        "gyro_rms": null,
        "acc_norm_std": 3.3859026714612826e-08,
        "acc_axis_max_std": 0.0074852219832920635,
        "ax_mean": -0.3517096754138874,
        "ay_mean": 0.0853288094729,
        "az_mean": -0.9321615251879206,
        "ax_std": 0.00414283136803505,
        "ay_std": 0.0074852219832920635,
        "az_std": 0.001610957679258753
      },
      {
        "segment_id": 4,
        "start_index": 2591,
        "end_index": 3063,
        "raw_start_s": 67.014,
        "raw_end_s": 79.385,
        "start_s": 67.215,
        "end_s": 79.182,
        "duration_s": 12.37100000000001,
        "n_samples": 472,
        "mx_mean": -3174.701058201058,
        "my_mean": -604.8677248677249,
        "mz_mean": 19231.613756613755,
        "mx_std": 26.762064371977555,
        "my_std": 22.7965199891103,
        "mz_std": 48.60389422860656,
        "mag_norm_std": 48.3916678884946,
        "mag_axis_max_std": 48.60389422860656,
        "gyro_rms": null,
        "acc_norm_std": 3.61743417540048e-08,
        "acc_axis_max_std": 0.0018738101030910182,
        "ax_mean": 0.012251208464875925,
        "ay_mean": 0.024093787323819837,
        "az_mean": -0.9996340944968701,
        "ax_std": 0.000794520649560479,
        "ay_std": 0.0018738101030910182,
        "az_std": 4.65538092259368e-05
      },
      {
        "segment_id": 5,
        "start_index": 3361,
        "end_index": 4025,
        "raw_start_s": 87.003,
        "raw_end_s": 104.18,
        "start_s": 87.205,
        "end_s": 103.979,
        "duration_s": 17.177000000000007,
        "n_samples": 664,
        "mx_mean": -605.3157894736842,
        "my_mean": -1271.4116541353383,
        "mz_mean": 19192.601503759397,
        "mx_std": 24.159811105170842,
        "my_std": 25.748533703127322,
        "mz_std": 47.939689558952146,
        "mag_norm_std": 47.86277291574903,
        "mag_axis_max_std": 47.939689558952146,
        "gyro_rms": null,
        "acc_norm_std": 3.5823552859452786e-08,
        "acc_axis_max_std": 0.0021063179742874076,
        "ax_mean": 0.02055825053230902,
        "ay_mean": 0.06920255968501259,
        "az_mean": -0.9973895798500468,
        "ax_std": 0.0008914168695882294,
        "ay_std": 0.0021063179742874076,
        "az_std": 0.00015096008876640593
      },
      {
        "segment_id": 8,
        "start_index": 5226,
        "end_index": 5683,
        "raw_start_s": 134.218,
        "raw_end_s": 146.39,
        "start_s": 134.42,
        "end_s": 146.185,
        "duration_s": 12.171999999999997,
        "n_samples": 457,
        "mx_mean": -221.45776566757493,
        "my_mean": 1521.7765667574931,
        "mz_mean": 19159.00272479564,
        "mx_std": 21.892568484985638,
        "my_std": 25.719512400878497,
        "mz_std": 48.98334374473108,
        "mag_norm_std": 48.698694130504876,
        "mag_axis_max_std": 48.98334374473108,
        "gyro_rms": null,
        "acc_norm_std": 3.54708864345801e-08,
        "acc_axis_max_std": 0.000789483785318315,
        "ax_mean": 0.020717964829916623,
        "ay_mean": 0.00746642715838218,
        "az_mean": -0.9997571252022289,
        "ax_std": 0.000789483785318315,
        "ay_std": 0.0007795694293155292,
        "az_std": 1.758336008249466e-05
      },
      {
        "segment_id": 10,
        "start_index": 6588,
        "end_index": 7031,
        "raw_start_s": 171.01,
        "raw_end_s": 182.599,
        "start_s": 171.212,
        "end_s": 182.396,
        "duration_s": 11.588999999999999,
        "n_samples": 443,
        "mx_mean": -203.95774647887325,
        "my_mean": 3947.738028169014,
        "mz_mean": 18189.388732394367,
        "mx_std": 31.074591962436582,
        "my_std": 32.716716885071236,
        "mz_std": 49.8856587424982,
        "mag_norm_std": 48.049585908079095,
        "mag_axis_max_std": 49.8856587424982,
        "gyro_rms": null,
        "acc_norm_std": 3.272393469141021e-08,
        "acc_axis_max_std": 0.006749669736930285,
        "ax_mean": -0.4254382962911747,
        "ay_mean": 0.0006069092666173297,
        "az_mean": -0.9049604068339804,
        "ax_std": 0.0048950413514145105,
        "ay_std": 0.006749669736930285,
        "az_std": 0.0022888606538284326
      },
      {
        "segment_id": 16,
        "start_index": 11045,
        "end_index": 11227,
        "raw_start_s": 290.012,
        "raw_end_s": 294.997,
        "start_s": 290.213,
        "end_s": 294.795,
        "duration_s": 4.985000000000014,
        "n_samples": 182,