{
  "algorithm_name": "Improved Affine Magnetometer Method",
  "algorithm_version": "1.3.0",
  "schema_version": "1",
  "created_at": "2026-04-11T17:58:49Z",
  "params": {
    "offset_x": -178.4692291802019,
    "offset_y": 247.73879977572787,
    "offset_z": -505.7953762420071,
    "axis_u_x": 0.0,
    "axis_u_y": 0.9995052687895131,
    "axis_u_z": -0.03145183082116476,
    "axis_v_x": -0.9982180351457233,
    "axis_v_y": -0.0018767954212752479,
    "axis_v_z": -0.05964253472781381,
    "axis_n_x": -0.0596720563564873,
    "axis_n_y": 0.03139578476403879,
    "axis_n_z": 0.9977241855288658,
    "cos_theta": -0.26086971695169253,
    "sin_theta": 0.9653740160049595,
    "major_radius": 117.89794254151872,
    "minor_radius": 110.59426115394619,
    "major_scale": 1.0,
    "minor_scale": 1.0660403289588947,
    "axis_ratio": 1.0660403289588947
  }
}